{
  "info": {
    "name": "WormholyDemo 20200413_085033_437",
    "schema": "https://schema.getpostman.com/json/collection/v2.1.0/collection.json",
    "postmanID": "WormholyDemo 20200413_085033_437"
  },
  "item": [
    {
      "name": "WormholyDemo 20200413_085033_437",
      "item": [
        {
          "name": "20200413_085032-https://jsonplaceholder.typicode.com/posts/120",
          "request": {
            "body": {
              "mode": "raw",
              "raw": ""
            },
            "method": "GET",
            "header": [
              {
                "key": "Accept-Language",
                "value": "en"
              },
              {
                "key": "Content-Type",
                "value": "application/json"
              },
              {
                "key": "Accept",
                "value": "application/json"
              }
            ],
            "url": {
              "raw": "https://jsonplaceholder.typicode.com/posts/120",
              "path": [
                "posts",
                "120"
              ],
              "host": [
                "jsonplaceholder",
                "typicode",
                "com"
              ],
              "protocol": "https"
            },
            "description": ""
          },
          "response": [
            {
              "status": "",
              "cookie": [],
              "header": [],
              "code": 0,
              "originalRequest": {
                "body": {
                  "mode": "raw",
                  "raw": ""
                },
                "method": "GET",
                "header": [
                  {
                    "key": "Accept-Language",
                    "value": "en"
                  },
                  {
                    "key": "Content-Type",
                    "value": "application/json"
                  },
                  {
                    "key": "Accept",
                    "value": "application/json"
                  }
                ],
                "url": {
                  "raw": "https://jsonplaceholder.typicode.com/posts/120",
                  "path": [
                    "posts",
                    "120"
                  ],
                  "host": [
                    "jsonplaceholder",
                    "typicode",
                    "com"
                  ],
                  "protocol": "https"
                },
                "description": ""
              },
              "_postman_previewlanguage": "html",
              "body": "",
              "name": "https://jsonplaceholder.typicode.com/posts/120"
            }
          ]
        },
        {
          "name": "20200413_085024-https://jsonplaceholder.typicode.com/posts/90",
          "request": {
            "body": {
              "mode": "raw",
              "raw": ""
            },
            "method": "GET",
            "header": [
              {
                "key": "Accept",
                "value": "application/json"
              },
              {
                "key": "Accept-Language",
                "value": "en"
              },
              {
                "key": "Content-Type",
                "value": "application/json"
              }
            ],
            "url": {
              "raw": "https://jsonplaceholder.typicode.com/posts/90",
              "path": [
                "posts",
                "90"
              ],
              "host": [
                "jsonplaceholder",
                "typicode",
                "com"
              ],
              "protocol": "https"
            },
            "description": ""
          },
          "response": [
            {
              "status": "",
              "cookie": [],
              "header": [
                {
                  "key": "Etag",
                  "value": "W/\"fa-J+W5iw5qyzTS6afRH4pq7cvG7wg\""
                },
                {
                  "key": "Date",
                  "value": "Mon, 13 Apr 2020 06:50:24 GMT"
                },
                {
                  "key": "x-content-type-options",
                  "value": "nosniff"
                },
                {
                  "key": "Via",
                  "value": "1.1 vegur"
                },
                {
                  "key": "Expires",
                  "value": "-1"
                },
                {
                  "key": "Server",
                  "value": "cloudflare"
                },
                {
                  "key": "x-powered-by",
                  "value": "Express"
                },
                {
                  "key": "Age",
                  "value": "6949"
                },
                {
                  "key": "Cache-Control",
                  "value": "max-age=14400"
                },
                {
                  "key": "cf-ray",
                  "value": "583340b0e88ed618-MXP"
                },
                {
                  "key": "expect-ct",
                  "value": "max-age=604800, report-uri=\"https://report-uri.cloudflare.com/cdn-cgi/beacon/expect-ct\""
                },
                {
                  "key": "Pragma",
                  "value": "no-cache"
                },
                {
                  "key": "Vary",
                  "value": "Origin, Accept-Encoding"
                },
                {
                  "key": "Content-Encoding",
                  "value": "br"
                },
                {
                  "key": "access-control-allow-credentials",
                  "value": "true"
                },
                {
                  "key": "Content-Type",
                  "value": "application/json; charset=utf-8"
                },
                {
                  "key": "cf-cache-status",
                  "value": "HIT"
                }
              ],
              "code": 200,
              "originalRequest": {
                "body": {
                  "mode": "raw",
                  "raw": ""
                },
                "method": "GET",
                "header": [
                  {
                    "key": "Accept",
                    "value": "application/json"
                  },
                  {
                    "key": "Accept-Language",
                    "value": "en"
                  },
                  {
                    "key": "Content-Type",
                    "value": "application/json"
                  }
                ],
                "url": {
                  "raw": "https://jsonplaceholder.typicode.com/posts/90",
                  "path": [
                    "posts",
                    "90"
                  ],
                  "host": [
                    "jsonplaceholder",
                    "typicode",
                    "com"
                  ],
                  "protocol": "https"
                },
                "description": ""
              },
              "_postman_previewlanguage": "html",
              "body": "{\n  \"userId\": 9,\n  \"id\": 90,\n  \"title\": \"ad iusto omnis odit dolor voluptatibus\",\n  \"body\": \"minus omnis soluta quia\\nqui sed adipisci voluptates illum ipsam voluptatem\\neligendi officia ut in\\neos soluta similique molestias praesentium blanditiis\"\n}",
              "name": "https://jsonplaceholder.typicode.com/posts/90"
            }
          ]
        },
        {
          "name": "20200413_085023-https://jsonplaceholder.typicode.com/posts/1",
          "request": {
            "body": {
              "mode": "raw",
              "raw": ""
            },
            "method": "GET",
            "header": [
              {
                "key": "Accept",
                "value": "application/json"
              },
              {
                "key": "Accept-Language",
                "value": "en"
              },
              {
                "key": "Content-Type",
                "value": "application/json"
              }
            ],
            "url": {
              "raw": "https://jsonplaceholder.typicode.com/posts/1",
              "path": [
                "posts",
                "1"
              ],
              "host": [
                "jsonplaceholder",
                "typicode",
                "com"
              ],
              "protocol": "https"
            },
            "description": ""
          },
          "response": [
            {
              "status": "",
              "cookie": [],
              "header": [
                {
                  "key": "expect-ct",
                  "value": "max-age=604800, report-uri=\"https://report-uri.cloudflare.com/cdn-cgi/beacon/expect-ct\""
                },
                {
                  "key": "Cache-Control",
                  "value": "max-age=14400"
                },
                {
                  "key": "Vary",
                  "value": "Origin, Accept-Encoding"
                },
                {
                  "key": "x-powered-by",
                  "value": "Express"
                },
                {
                  "key": "Content-Type",
                  "value": "application/json; charset=utf-8"
                },
                {
                  "key": "Pragma",
                  "value": "no-cache"
                },
                {
                  "key": "cf-cache-status",
                  "value": "HIT"
                },
                {
                  "key": "x-content-type-options",
                  "value": "nosniff"
                },
                {
                  "key": "access-control-allow-credentials",
                  "value": "true"
                },
                {
                  "key": "Server",
                  "value": "cloudflare"
                },
                {
                  "key": "Content-Encoding",
                  "value": "br"
                },
                {
                  "key": "Via",
                  "value": "1.1 vegur"
                },
                {
                  "key": "Age",
                  "value": "3140"
                },
                {
                  "key": "cf-ray",
                  "value": "583340ab0f513dc9-MXP"
                },
                {
                  "key": "Date",
                  "value": "Mon, 13 Apr 2020 06:50:23 GMT"
                },
                {
                  "key": "Etag",
                  "value": "W/\"124-yiKdLzqO5gfBrJFrcdJ8Yq0LGnU\""
                },
                {
                  "key": "Expires",
                  "value": "-1"
                }
              ],
              "code": 200,
              "originalRequest": {
                "body": {
                  "mode": "raw",
                  "raw": ""
                },
                "method": "GET",
                "header": [
                  {
                    "key": "Accept",
                    "value": "application/json"
                  },
                  {
                    "key": "Accept-Language",
                    "value": "en"
                  },
                  {
                    "key": "Content-Type",
                    "value": "application/json"
                  }
                ],
                "url": {
                  "raw": "https://jsonplaceholder.typicode.com/posts/1",
                  "path": [
                    "posts",
                    "1"
                  ],
                  "host": [
                    "jsonplaceholder",
                    "typicode",
                    "com"
                  ],
                  "protocol": "https"
                },
                "description": ""
              },
              "_postman_previewlanguage": "html",
              "body": "{\n  \"userId\": 1,\n  \"id\": 1,\n  \"title\": \"sunt aut facere repellat provident occaecati excepturi optio reprehenderit\",\n  \"body\": \"quia et suscipit\\nsuscipit recusandae consequuntur expedita et cum\\nreprehenderit molestiae ut ut quas totam\\nnostrum rerum est autem sunt rem eveniet architecto\"\n}",
              "name": "https://jsonplaceholder.typicode.com/posts/1"
            }
          ]
        },
        {
          "name": "20200413_085016-https://jsonplaceholder.typicode.com/posts/31",
          "request": {
            "body": {
              "mode": "raw",
              "raw": ""
            },
            "method": "GET",
            "header": [
              {
                "key": "Content-Type",
                "value": "application/json"
              },
              {
                "key": "Accept",
                "value": "application/json"
              },
              {
                "key": "Accept-Language",
                "value": "en"
              }
            ],
            "url": {
              "raw": "https://jsonplaceholder.typicode.com/posts/31",
              "path": [
                "posts",
                "31"
              ],
              "host": [
                "jsonplaceholder",
                "typicode",
                "com"
              ],
              "protocol": "https"
            },
            "description": ""
          },
          "response": [
            {
              "status": "",
              "cookie": [],
              "header": [],
              "code": 0,
              "originalRequest": {
                "body": {
                  "mode": "raw",
                  "raw": ""
                },
                "method": "GET",
                "header": [
                  {
                    "key": "Content-Type",
                    "value": "application/json"
                  },
                  {
                    "key": "Accept",
                    "value": "application/json"
                  },
                  {
                    "key": "Accept-Language",
                    "value": "en"
                  }
                ],
                "url": {
                  "raw": "https://jsonplaceholder.typicode.com/posts/31",
                  "path": [
                    "posts",
                    "31"
                  ],
                  "host": [
                    "jsonplaceholder",
                    "typicode",
                    "com"
                  ],
                  "protocol": "https"
                },
                "description": ""
              },
              "_postman_previewlanguage": "html",
              "body": "",
              "name": "https://jsonplaceholder.typicode.com/posts/31"
            }
          ]
        }
      ]
    }
  ]
}
